{
  "exportDate": "2026-01-11 01:02:34",
  "subjects": [
    {
      "examTerm": "Thi hết môn",
      "id": 32,
      "level": "Chuyên khoa 1",
      "name": "Nhận thức chính trị",
      "type": "Môn Chính trị - Quân sự"
    },
    {
      "examTerm": "Thi hết môn",
      "id": 33,
      "level": "Chuyên khoa 1",
      "name": "Nhận thức chính trị phần 1",
      "parentId": 32,
      "type": "Môn Chính trị - Quân sự"
    },
    {
      "examTerm": "Thi hết môn",
      "id": 34,
      "level": "Chuyên khoa 1",
      "name": "Nhận thức chính trị phần 2",
      "parentId": 32,
      "type": "Môn Chính trị - Quân sự"
    },
    {
      "examTerm": "Thi hết môn",
      "id": 35,
      "level": "Chuyên khoa 1",
      "name": "Nhận thức chính trị phần 3",
      "parentId": 32,
      "type": "Môn Chính trị - Quân sự"
    },
    {
      "examTerm": "Thi hết môn",
      "id": 36,
      "level": "Chuyên khoa 1",
      "name": "Nhận thức chính trị phần 4",
      "parentId": 32,
      "type": "Môn Chính trị - Quân sự"
    }
  ],
  "totalQuestions": 400,
  "totalSubjects": 5,
  "version": "2.0"
}