{
  "exportDate": "2026-01-11 22:43:13",
  "subjects": [
    {
      "id": 1,
      "name": "Ngoại chung",
      "level": "Chuyên khoa 1",
      "examTerm": "Thi đầu vào",
      "type": "Môn chuyên ngành"
    },
    {
      "id": 2,
      "name": "Ngoại chấn thương",
      "level": "Chuyên khoa 1",
      "examTerm": "Thi đầu vào",
      "type": "Môn chuyên ngành",
      "parentId": 1
    },
    {
      "id": 3,
      "name": "Ngoại Bụng",
      "level": "Chuyên khoa 1",
      "examTerm": "Thi đầu vào",
      "type": "Môn chuyên ngành",
      "parentId": 1
    },
    {
      "id": 4,
      "name": "Ngoại tiết niệu",
      "level": "Chuyên khoa 1",
      "examTerm": "Thi đầu vào",
      "type": "Môn chuyên ngành",
      "parentId": 1
    },
    {
      "id": 5,
      "name": "Ngoại lồng ngực",
      "level": "Chuyên khoa 1",
      "examTerm": "Thi đầu vào",
      "type": "Môn chuyên ngành",
      "parentId": 1
    },
    {
      "id": 6,
      "name": "NGOẠI THẦN KINH",
      "level": "Chuyên khoa 1",
      "examTerm": "Thi đầu vào",
      "type": "Môn chuyên ngành",
      "parentId": 1
    }
  ],
  "totalQuestions": 864,
  "totalSubjects": 6,
  "version": "2.0"
}