{
  "exportDate": "2026-01-11 01:02:30",
  "subjects": [
    {
      "examTerm": "Thi đầu vào",
      "id": 24,
      "level": "Chuyên khoa 1",
      "name": "Nội khoa",
      "type": "Môn chuyên ngành"
    },
    {
      "examTerm": "Thi đầu vào",
      "id": 25,
      "level": "Chuyên khoa 1",
      "name": "KHỚP - NỘI TIẾT - A11",
      "parentId": 24,
      "type": "Môn chuyên ngành"
    },
    {
      "examTerm": "Thi đầu vào",
      "id": 26,
      "level": "Chuyên khoa 1",
      "name": "THẬN NỘI KHOA - AM12",
      "parentId": 24,
      "type": "Môn chuyên ngành"
    },
    {
      "examTerm": "Thi đầu vào",
      "id": 27,
      "level": "Chuyên khoa 1",
      "name": "NỘI TIÊU HOÁ - AM1",
      "parentId": 24,
      "type": "Môn chuyên ngành"
    },
    {
      "examTerm": "Thi đầu vào",
      "id": 28,
      "level": "Chuyên khoa 1",
      "name": "NỘI TIM MẠCH - AM2",
      "parentId": 24,
      "type": "Môn chuyên ngành"
    },
    {
      "examTerm": "Thi đầu vào",
      "id": 29,
      "level": "Chuyên khoa 1",
      "name": "NỘI HÔ HẤP - AM3",
      "parentId": 24,
      "type": "Môn chuyên ngành"
    },
    {
      "examTerm": "Thi đầu vào",
      "id": 30,
      "level": "Chuyên khoa 1",
      "name": "NỘI THẦN KINH - AM4",
      "parentId": 24,
      "type": "Môn chuyên ngành"
    },
    {
      "examTerm": "Thi đầu vào",
      "id": 31,
      "level": "Chuyên khoa 1",
      "name": "NỘI TRUYỀN NHIỄM - AM5",
      "parentId": 24,
      "type": "Môn chuyên ngành"
    }
  ],
  "totalQuestions": 1052,
  "totalSubjects": 8,
  "version": "2.0"
}