{
  "exportDate": "2026-01-11 22:42:57",
  "subjects": [
    {
      "id": 1,
      "name": "Giải Phẫu",
      "level": "Chuyên khoa 1",
      "examTerm": "Thi đầu vào",
      "type": "Môn cơ sở"
    },
    {
      "id": 2,
      "name": "GIẢI PHẪU NGỰC",
      "level": "Chuyên khoa 1",
      "examTerm": "Thi đầu vào",
      "type": "Môn cơ sở",
      "parentId": 1
    },
    {
      "id": 3,
      "name": "GIẢI PHẪU BỤNG",
      "level": "Chuyên khoa 1",
      "examTerm": "Thi đầu vào",
      "type": "Môn cơ sở",
      "parentId": 1
    },
    {
      "id": 4,
      "name": "GIẢI PHẪU ĐẦU MẶT CỔ",
      "level": "Chuyên khoa 1",
      "examTerm": "Thi đầu vào",
      "type": "Môn cơ sở",
      "parentId": 1
    },
    {
      "id": 5,
      "name": "GIẢI PHẪU TỨ CHI",
      "level": "Chuyên khoa 1",
      "examTerm": "Thi đầu vào",
      "type": "Môn cơ sở",
      "parentId": 1
    },
    {
      "id": 6,
      "name": "BỔ SUNG",
      "level": "Chuyên khoa 1",
      "examTerm": "Thi đầu vào",
      "type": "Môn cơ sở",
      "parentId": 1
    }
  ],
  "totalQuestions": 793,
  "totalSubjects": 6,
  "version": "2.0"
}