{
  "exportDate": "2026-01-11 01:02:22",
  "subjects": [
    {
      "examTerm": "Thi đầu vào",
      "id": 14,
      "level": "Chuyên khoa 1",
      "name": "Sinh lý",
      "type": "Môn cơ sở"
    },
    {
      "examTerm": "Thi đầu vào",
      "id": 15,
      "level": "Chuyên khoa 1",
      "name": "PHẢN XẠ ĐIỀU KIỆN ",
      "parentId": 14,
      "type": "Môn cơ sở"
    },
    {
      "examTerm": "Thi đầu vào",
      "id": 16,
      "level": "Chuyên khoa 1",
      "name": "SINH LÍ HÔ HẤP",
      "parentId": 14,
      "type": "Môn cơ sở"
    },
    {
      "examTerm": "Thi đầu vào",
      "id": 17,
      "level": "Chuyên khoa 1",
      "name": "SINH LÍ MÁU",
      "parentId": 14,
      "type": "Môn cơ sở"
    },
    {
      "examTerm": "Thi đầu vào",
      "id": 18,
      "level": "Chuyên khoa 1",
      "name": "SINH LÍ NEURON, SYNAP, PHẢN XẠ",
      "parentId": 14,
      "type": "Môn cơ sở"
    },
    {
      "examTerm": "Thi đầu vào",
      "id": 19,
      "level": "Chuyên khoa 1",
      "name": "SINH LÍ NỘI TIẾT",
      "parentId": 14,
      "type": "Môn cơ sở"
    },
    {
      "examTerm": "Thi đầu vào",
      "id": 20,
      "level": "Chuyên khoa 1",
      "name": "SINH LÍ THẬN",
      "parentId": 14,
      "type": "Môn cơ sở"
    },
    {
      "examTerm": "Thi đầu vào",
      "id": 21,
      "level": "Chuyên khoa 1",
      "name": "SINH LÍ TIÊU HÓA",
      "parentId": 14,
      "type": "Môn cơ sở"
    },
    {
      "examTerm": "Thi đầu vào",
      "id": 22,
      "level": "Chuyên khoa 1",
      "name": "SINH LÍ TUẦN HOÀN",
      "parentId": 14,
      "type": "Môn cơ sở"
    },
    {
      "examTerm": "Thi đầu vào",
      "id": 23,
      "level": "Chuyên khoa 1",
      "name": "THẦN KINH THỰC VẬT",
      "parentId": 14,
      "type": "Môn cơ sở"
    }
  ],
  "totalQuestions": 729,
  "totalSubjects": 10,
  "version": "2.0"
}